,I,pval_norm,var_norm,pval_z_sim,pval_sim,var_sim,pval_norm_fdr_bh,pval_z_sim_fdr_bh,pval_sim_fdr_bh
KRT7,0.6870491634543998,0.0,0.0001243050288964213,0.0,0.009900990099009901,0.0003058469670527185,,,0.011563469779813802
TACSTD2,0.6712523087773952,0.0,0.0001243050288964213,0.0,0.009900990099009901,0.0002845116983906229,,,0.011563469779813802
KRT15,0.5859929414314119,0.0,0.0001243050288964213,0.0,0.009900990099009901,0.00021861775753882304,,,0.011563469779813802
SERPINA3,0.5765312797564123,0.0,0.0001243050288964213,0.0,0.009900990099009901,0.00021575884530832784,,,0.011563469779813802
DSP,0.5619449870621813,0.0,0.0001243050288964213,0.0,0.009900990099009901,0.00025120593986862976,,,0.011563469779813802
ERBB2,0.5454092901668246,0.0,0.0001243050288964213,0.0,0.009900990099009901,0.00019263500104778377,,,0.011563469779813802
KRT8,0.5399141683217504,0.0,0.0001243050288964213,0.0,0.009900990099009901,0.0002185790562641963,,,0.011563469779813802
POSTN,0.5272929723062333,0.0,0.0001243050288964213,0.0,0.009900990099009901,0.00016549619450805344,,,0.011563469779813802
CDH1,0.5258347971054059,0.0,0.0001243050288964213,0.0,0.009900990099009901,0.0002686984194294631,,,0.011563469779813802
CCDC80,0.5074649282569493,0.0,0.0001243050288964213,0.0,0.009900990099009901,0.00017604100430951584,,,0.011563469779813802
MMP2,0.5013889498607375,0.0,0.0001243050288964213,0.0,0.009900990099009901,0.00016206750862221775,,,0.011563469779813802
CEACAM6,0.49449012980797696,0.0,0.0001243050288964213,0.0,0.009900990099009901,0.00020803245038216394,,,0.011563469779813802
KRT14,0.462647376230625,0.0,0.0001243050288964213,0.0,0.009900990099009901,0.0001931760909933485,,,0.011563469779813802
EPCAM,0.46005495635243493,0.0,0.0001243050288964213,0.0,0.009900990099009901,0.00020176335826966717,,,0.011563469779813802
CCND1,0.45938257106599856,0.0,0.0001243050288964213,0.0,0.009900990099009901,0.00016876175830672388,,,0.011563469779813802
S100A14,0.4552179050846754,0.0,0.0001243050288964213,0.0,0.009900990099009901,0.0001652999063944488,,,0.011563469779813802
KRT6B,0.452990956350122,0.0,0.0001243050288964213,0.0,0.009900990099009901,0.00022013620138540773,,,0.011563469779813802
GATA3,0.44660442085198193,0.0,0.0001243050288964213,0.0,0.009900990099009901,0.00022084311897718268,,,0.011563469779813802
KRT23,0.4445228086551022,0.0,0.0001243050288964213,0.0,0.009900990099009901,0.0002748101176240487,,,0.011563469779813802
KRT5,0.4413498734243727,0.0,0.0001243050288964213,0.0,0.009900990099009901,0.000205381029239808,,,0.011563469779813802
CD9,0.43751076459791116,0.0,0.0001243050288964213,0.0,0.009900990099009901,0.00022090320996397364,,,0.011563469779813802
DSC2,0.4340892586187142,0.0,0.0001243050288964213,0.0,0.009900990099009901,0.00018037501966093592,,,0.011563469779813802
LUM,0.4317241608571926,0.0,0.0001243050288964213,0.0,0.009900990099009901,0.00014406332623467357,,,0.011563469779813802
SCD,0.42542637667449895,0.0,0.0001243050288964213,0.0,0.009900990099009901,0.0002302728655110316,,,0.011563469779813802
SFRP1,0.42291694609636576,0.0,0.0001243050288964213,0.0,0.009900990099009901,0.00016134622932960664,,,0.011563469779813802
KRT16,0.4058536587620535,0.0,0.0001243050288964213,0.0,0.009900990099009901,0.00020072898521080357,,,0.011563469779813802
BASP1,0.40489005889384044,0.0,0.0001243050288964213,0.0,0.009900990099009901,0.00014428522811098487,,,0.011563469779813802
ELF3,0.3839718844500361,0.0,0.0001243050288964213,0.0,0.009900990099009901,0.00019125370209405575,,,0.011563469779813802
FOXA1,0.38050218072761377,0.0,0.0001243050288964213,0.0,0.009900990099009901,0.000184560468312023,,,0.011563469779813802
CLDN4,0.3755641148814774,0.0,0.0001243050288964213,0.0,0.009900990099009901,0.0002357007809268666,,,0.011563469779813802
MYLK,0.37387715411766165,0.0,0.0001243050288964213,0.0,0.009900990099009901,0.00018813343377172906,,,0.011563469779813802
PTN,0.36917033475820726,0.0,0.0001243050288964213,0.0,0.009900990099009901,0.0001395494457808887,,,0.011563469779813802
FBLN1,0.3640015129004046,0.0,0.0001243050288964213,0.0,0.009900990099009901,0.00018646708848955122,,,0.011563469779813802
CXCL12,0.3615788409241921,0.0,0.0001243050288964213,0.0,0.009900990099009901,0.0001575833125086571,,,0.011563469779813802
DST,0.35815229470345983,0.0,0.0001243050288964213,0.0,0.009900990099009901,0.00013535155905877982,,,0.011563469779813802
ACTA2,0.3353647180177712,0.0,0.0001243050288964213,0.0,0.009900990099009901,0.00014900535172843266,,,0.011563469779813802
TPD52,0.3313159404090357,0.0,0.0001243050288964213,0.0,0.009900990099009901,0.0001438603772094311,,,0.011563469779813802
ELF5,0.3295754155796437,0.0,0.0001243050288964213,0.0,0.009900990099009901,0.00020116992448345868,,,0.011563469779813802
AGR3,0.3251905233339959,0.0,0.0001243050288964213,0.0,0.009900990099009901,0.00022449136387434003,,,0.011563469779813802
CRISPLD2,0.3114202877167567,0.0,0.0001243050288964213,0.0,0.009900990099009901,0.00012839212108253128,,,0.011563469779813802
ANKRD30A,0.30565247428567427,0.0,0.0001243050288964213,0.0,0.009900990099009901,0.00016295045893076408,,,0.011563469779813802
LYPD3,0.3027194832137389,0.0,0.0001243050288964213,0.0,0.009900990099009901,0.00016091475065525482,,,0.011563469779813802
TCIM,0.29896132263659286,0.0,0.0001243050288964213,0.0,0.009900990099009901,0.00016202977393118458,,,0.011563469779813802
PIGR,0.2929500798417687,0.0,0.0001243050288964213,0.0,0.009900990099009901,0.00013319883975257033,,,0.011563469779813802
FLNB,0.2902328497357028,0.0,0.0001243050288964213,0.0,0.009900990099009901,0.0001103303854824222,,,0.011563469779813802
CTTN,0.28558470781408196,0.0,0.0001243050288964213,0.0,0.009900990099009901,0.00012266734673164705,,,0.011563469779813802
KIT,0.2855287423152154,0.0,0.0001243050288964213,0.0,0.009900990099009901,0.00013333864611525238,,,0.011563469779813802
GJB2,0.2847868610757041,0.0,0.0001243050288964213,0.0,0.009900990099009901,0.00017394416703493738,,,0.011563469779813802
JUP,0.28297117368271135,0.0,0.0001243050288964213,0.0,0.009900990099009901,0.0001529533914240793,,,0.011563469779813802
ADH1B,0.2814621102885006,0.0,0.0001243050288964213,0.0,0.009900990099009901,0.000141537059745611,,,0.011563469779813802
AQP1,0.2790103612835058,0.0,0.0001243050288964213,0.0,0.009900990099009901,0.00012855223834208612,,,0.011563469779813802
SFRP4,0.2776386041106129,0.0,0.0001243050288964213,0.0,0.009900990099009901,0.00017350237672523433,,,0.011563469779813802
MLPH,0.2757795216551808,0.0,0.0001243050288964213,0.0,0.009900990099009901,0.00012761983089780776,,,0.011563469779813802
ADAM9,0.2695875503753518,0.0,0.0001243050288964213,0.0,0.009900990099009901,0.00011243661839506956,,,0.011563469779813802
PDGFRB,0.26413898169926686,0.0,0.0001243050288964213,0.0,0.009900990099009901,0.00010223896875172452,,,0.011563469779813802
SLC5A6,0.2637375315492083,0.0,0.0001243050288964213,0.0,0.009900990099009901,0.0001427152373254706,,,0.011563469779813802
IGF1,0.25696474563822186,0.0,0.0001243050288964213,0.0,0.009900990099009901,0.00015526080278092572,,,0.011563469779813802
ENAH,0.256078766209548,0.0,0.0001243050288964213,0.0,0.009900990099009901,0.00014232562781351754,,,0.011563469779813802
MYO5B,0.25347633821972293,0.0,0.0001243050288964213,0.0,0.009900990099009901,0.00012323092603851255,,,0.011563469779813802
IL7R,0.2483354784734119,0.0,0.0001243050288964213,0.0,0.009900990099009901,0.00016151544960858207,,,0.011563469779813802
CXCR4,0.24670579172921991,0.0,0.0001243050288964213,0.0,0.009900990099009901,0.00014717890805915698,,,0.011563469779813802
CD68,0.2394669124766062,0.0,0.0001243050288964213,0.0,0.009900990099009901,0.0001481545158281584,,,0.011563469779813802
PTGDS,0.23586448733740312,0.0,0.0001243050288964213,0.0,0.009900990099009901,0.00011494519557610229,,,0.011563469779813802
ADIPOQ,0.2356153901068113,0.0,0.0001243050288964213,0.0,0.009900990099009901,0.00010327947019828136,,,0.011563469779813802
FASN,0.23445332062231256,0.0,0.0001243050288964213,0.0,0.009900990099009901,9.740291018480063e-05,,,0.011563469779813802
PDGFRA,0.23096062900873035,0.0,0.0001243050288964213,0.0,0.009900990099009901,0.00012045806754867628,,,0.011563469779813802
MYH11,0.2303485276806973,0.0,0.0001243050288964213,0.0,0.009900990099009901,0.00012899144162912188,,,0.011563469779813802
RUNX1,0.22605042012868257,0.0,0.0001243050288964213,0.0,0.009900990099009901,0.00011655282535078357,,,0.011563469779813802
VWF,0.22597301857384383,0.0,0.0001243050288964213,0.0,0.009900990099009901,0.00012612013447596912,,,0.011563469779813802
PTPRC,0.21846869634117097,0.0,0.0001243050288964213,0.0,0.009900990099009901,0.00012444945124439252,,,0.011563469779813802
LRRC15,0.21783821172349985,0.0,0.0001243050288964213,0.0,0.009900990099009901,0.00011161712902699345,,,0.011563469779813802
DPT,0.21775746698046047,0.0,0.0001243050288964213,0.0,0.009900990099009901,9.238640643837915e-05,,,0.011563469779813802
CCDC6,0.21264220433204675,0.0,0.0001243050288964213,0.0,0.009900990099009901,9.432068322675973e-05,,,0.011563469779813802
SERHL2,0.21258879203858314,0.0,0.0001243050288964213,0.0,0.009900990099009901,7.661486743837265e-05,,,0.011563469779813802
C15orf48,0.20989164387565692,0.0,0.0001243050288964213,0.0,0.009900990099009901,0.0001860752936768873,,,0.011563469779813802
ZEB2,0.2057334678541971,0.0,0.0001243050288964213,0.0,0.009900990099009901,8.948030648592456e-05,,,0.011563469779813802
TRAC,0.20203398128558608,0.0,0.0001243050288964213,0.0,0.009900990099009901,9.218050759407547e-05,,,0.011563469779813802
CD3E,0.1928508856305314,0.0,0.0001243050288964213,0.0,0.009900990099009901,0.00011611161113814435,,,0.011563469779813802
IL2RG,0.1892090080528325,0.0,0.0001243050288964213,0.0,0.009900990099009901,0.00012517991384108015,,,0.011563469779813802
NARS,0.187804361303592,0.0,0.0001243050288964213,0.0,0.009900990099009901,0.00012106845067106802,,,0.011563469779813802
CLCA2,0.18472579351461682,0.0,0.0001243050288964213,0.0,0.009900990099009901,0.0002194502547414344,,,0.011563469779813802
MDM2,0.1831235124808624,0.0,0.0001243050288964213,0.0,0.009900990099009901,0.0001005138607823077,,,0.011563469779813802
WARS,0.18134585360617073,0.0,0.0001243050288964213,0.0,0.009900990099009901,8.713694579581401e-05,,,0.011563469779813802
PDK4,0.17683513831500933,0.0,0.0001243050288964213,0.0,0.009900990099009901,9.939493477681818e-05,,,0.011563469779813802
ZEB1,0.17609440322482015,0.0,0.0001243050288964213,0.0,0.009900990099009901,0.00012757229231869126,,,0.011563469779813802
TFAP2A,0.17511146847291503,0.0,0.0001243050288964213,0.0,0.009900990099009901,0.00010201903978436645,,,0.011563469779813802
CD93,0.17486838842446906,0.0,0.0001243050288964213,0.0,0.009900990099009901,0.00015827255507188667,,,0.011563469779813802
SMS,0.17370659820472095,0.0,0.0001243050288964213,0.0,0.009900990099009901,0.00013653670409548584,,,0.011563469779813802
PECAM1,0.1678567068194551,0.0,0.0001243050288964213,0.0,0.009900990099009901,0.00011252068060974914,,,0.011563469779813802
ACTG2,0.16550184070107526,0.0,0.0001243050288964213,0.0,0.009900990099009901,0.0001183819603772743,,,0.011563469779813802
SQLE,0.16199559932369345,0.0,0.0001243050288964213,0.0,0.009900990099009901,9.398552230308971e-05,,,0.011563469779813802
CAV1,0.1615790532831201,0.0,0.0001243050288964213,0.0,0.009900990099009901,9.536211352928405e-05,,,0.011563469779813802
TAC1,0.16150117229018718,0.0,0.0001243050288964213,0.0,0.009900990099009901,7.932060184702986e-05,,,0.011563469779813802
SVIL,0.16107450224271133,0.0,0.0001243050288964213,0.0,0.009900990099009901,0.00013432050290054068,,,0.011563469779813802
ALDH1A3,0.16107331556278018,0.0,0.0001243050288964213,0.0,0.009900990099009901,0.00011823951055884316,,,0.011563469779813802
KLF5,0.16037484243795896,0.0,0.0001243050288964213,0.0,0.009900990099009901,8.325310161190616e-05,,,0.011563469779813802
C5orf46,0.15963746443829094,0.0,0.0001243050288964213,0.0,0.009900990099009901,0.00010335724733760159,,,0.011563469779813802
CCL5,0.15919771515246955,0.0,0.0001243050288964213,0.0,0.009900990099009901,9.023686526072431e-05,,,0.011563469779813802
TRAPPC3,0.15913159689481654,0.0,0.0001243050288964213,0.0,0.009900990099009901,9.927084454523025e-05,,,0.011563469779813802
TRIB1,0.15840029102767086,0.0,0.0001243050288964213,0.0,0.009900990099009901,0.00012957294810969272,,,0.011563469779813802
MRC1,0.1568706418630316,0.0,0.0001243050288964213,0.0,0.009900990099009901,0.0001021521633237384,,,0.011563469779813802
DMKN,0.15663010797286878,0.0,0.0001243050288964213,0.0,0.009900990099009901,8.239227109577653e-05,,,0.011563469779813802
EDN1,0.1556750196752906,0.0,0.0001243050288964213,0.0,0.009900990099009901,9.610841328335935e-05,,,0.011563469779813802
CYTIP,0.1549686516598156,0.0,0.0001243050288964213,0.0,0.009900990099009901,0.00013447982296968636,,,0.011563469779813802
LYZ,0.15401693981708445,0.0,0.0001243050288964213,0.0,0.009900990099009901,0.00010051552002357422,,,0.011563469779813802
MEDAG,0.1524760689289475,0.0,0.0001243050288964213,0.0,0.009900990099009901,0.0001191302354294973,,,0.011563469779813802
EGFR,0.1508283640587451,0.0,0.0001243050288964213,0.0,0.009900990099009901,9.634685850515522e-05,,,0.011563469779813802
TCF4,0.1503889674041754,0.0,0.0001243050288964213,0.0,0.009900990099009901,0.00010994556660097353,,,0.011563469779813802
TOMM7,0.14992551669549933,0.0,0.0001243050288964213,0.0,0.009900990099009901,8.977511625611129e-05,,,0.011563469779813802
CXCL16,0.14166210056672798,0.0,0.0001243050288964213,0.0,0.009900990099009901,0.00010296111883786417,,,0.011563469779813802
C1QA,0.1410963715385969,0.0,0.0001243050288964213,0.0,0.009900990099009901,0.00010380975421648611,,,0.011563469779813802
TUBB2B,0.14086564893473463,0.0,0.0001243050288964213,0.0,0.009900990099009901,8.97006535429211e-05,,,0.011563469779813802
ESR1,0.13710745321375073,0.0,0.0001243050288964213,0.0,0.009900990099009901,0.00011539332945272531,,,0.011563469779813802
CCR7,0.13477499436679907,0.0,0.0001243050288964213,0.0,0.009900990099009901,0.00010563342911026979,,,0.011563469779813802
S100A4,0.13343866013419137,0.0,0.0001243050288964213,0.0,0.009900990099009901,9.531074057627544e-05,,,0.011563469779813802
SDC4,0.13301528697568787,0.0,0.0001243050288964213,0.0,0.009900990099009901,0.0001043937301065675,,,0.011563469779813802
FOXC2,0.13294889554318742,0.0,0.0001243050288964213,0.0,0.009900990099009901,7.943550824772074e-05,,,0.011563469779813802
CCL8,0.13162338049623332,0.0,0.0001243050288964213,0.0,0.009900990099009901,8.270967071527375e-05,,,0.011563469779813802
MMRN2,0.12916285173993494,0.0,0.0001243050288964213,0.0,0.009900990099009901,0.0001059178952600868,,,0.011563469779813802
CD14,0.1265240691431853,0.0,0.0001243050288964213,0.0,0.009900990099009901,0.00011200895434510128,,,0.011563469779813802
CAVIN2,0.1265050997065301,0.0,0.0001243050288964213,0.0,0.009900990099009901,5.3023083990933014e-05,,,0.011563469779813802
GPR183,0.1254981510908559,0.0,0.0001243050288964213,0.0,0.009900990099009901,0.00012169164383779192,,,0.011563469779813802
ABCC11,0.12485527827646745,0.0,0.0001243050288964213,0.0,0.009900990099009901,5.1296442816493046e-05,,,0.011563469779813802
S100A8,0.12349734739010856,0.0,0.0001243050288964213,0.0,0.009900990099009901,8.160626799097715e-05,,,0.011563469779813802
AIF1,0.12230008128288081,0.0,0.0001243050288964213,0.0,0.009900990099009901,0.00010011285148448286,,,0.011563469779813802
HOXD9,0.12022027431255902,0.0,0.0001243050288964213,0.0,0.009900990099009901,5.449164433118218e-05,,,0.011563469779813802
PPARG,0.11721751330239451,0.0,0.0001243050288964213,0.0,0.009900990099009901,7.577356200101277e-05,,,0.011563469779813802
AR,0.11668263380827372,0.0,0.0001243050288964213,0.0,0.009900990099009901,0.00010625280098944336,,,0.011563469779813802
FAM107B,0.11643125607931493,0.0,0.0001243050288964213,0.0,0.009900990099009901,0.00010514713663478603,,,0.011563469779813802
IL2RA,0.11595507434518385,0.0,0.0001243050288964213,0.0,0.009900990099009901,0.00011808126006978923,,,0.011563469779813802
TCEAL7,0.11579729179100944,0.0,0.0001243050288964213,0.0,0.009900990099009901,7.674796070246035e-05,,,0.011563469779813802
CD163,0.11433463681052437,0.0,0.0001243050288964213,0.0,0.009900990099009901,0.00011027159635865322,,,0.011563469779813802
RAMP2,0.11376950586615132,0.0,0.0001243050288964213,0.0,0.009900990099009901,8.11461808670193e-05,,,0.011563469779813802
BACE2,0.11302228128377383,0.0,0.0001243050288964213,0.0,0.009900990099009901,0.00011167508013110123,,,0.011563469779813802
AKR1C1,0.11242253729998543,0.0,0.0001243050288964213,0.0,0.009900990099009901,0.00010043246817782771,,,0.011563469779813802
SELL,0.11162403428424388,0.0,0.0001243050288964213,0.0,0.009900990099009901,0.00012488651357503116,,,0.011563469779813802
MMP1,0.11151037941446611,0.0,0.0001243050288964213,0.0,0.009900990099009901,7.363450114238273e-05,,,0.011563469779813802
KDR,0.10824185733529185,0.0,0.0001243050288964213,0.0,0.009900990099009901,9.951672423921443e-05,,,0.011563469779813802
FGL2,0.10822809412119977,0.0,0.0001243050288964213,0.0,0.009900990099009901,7.046094944589548e-05,,,0.011563469779813802
NOSTRIN,0.1081893624128019,0.0,0.0001243050288964213,0.0,0.009900990099009901,6.729731761454044e-05,,,0.011563469779813802
FCGR3A,0.1077617127287826,0.0,0.0001243050288964213,0.0,0.009900990099009901,9.497129047961115e-05,,,0.011563469779813802
GZMB,0.10735305457181493,0.0,0.0001243050288964213,0.0,0.009900990099009901,9.227627200305538e-05,,,0.011563469779813802
CLEC14A,0.1069784066541704,0.0,0.0001243050288964213,0.0,0.009900990099009901,0.00010584412062767632,,,0.011563469779813802
CD83,0.1066196311073299,0.0,0.0001243050288964213,0.0,0.009900990099009901,7.896423899788053e-05,,,0.011563469779813802
POLR2J3,0.10481776851911245,0.0,0.0001243050288964213,0.0,0.009900990099009901,7.145779811926274e-05,,,0.011563469779813802
CD8A,0.1030096460814356,0.0,0.0001243050288964213,0.0,0.009900990099009901,0.00010107578959035075,,,0.011563469779813802
CD3D,0.10293491573993116,0.0,0.0001243050288964213,0.0,0.009900990099009901,8.220935583295852e-05,,,0.011563469779813802
ITM2C,0.10195031044366806,0.0,0.0001243050288964213,0.0,0.009900990099009901,8.220319526223008e-05,,,0.011563469779813802
SH3YL1,0.10150874651247747,0.0,0.0001243050288964213,0.0,0.009900990099009901,0.0001052466957893977,,,0.011563469779813802
CD3G,0.10054109245393122,0.0,0.0001243050288964213,0.0,0.009900990099009901,5.884618923444961e-05,,,0.011563469779813802
CD247,0.09849049370801181,0.0,0.0001243050288964213,0.0,0.009900990099009901,8.211280240091885e-05,,,0.011563469779813802
LDHB,0.09769424536334463,0.0,0.0001243050288964213,0.0,0.009900990099009901,8.095133607592937e-05,,,0.011563469779813802
TRAF4,0.09576612605915072,0.0,0.0001243050288964213,0.0,0.009900990099009901,8.297344739664041e-05,,,0.011563469779813802
LIF,0.09388518283358997,0.0,0.0001243050288964213,0.0,0.009900990099009901,0.0001020827215952245,,,0.011563469779813802
C6orf132,0.09363334081286945,0.0,0.0001243050288964213,0.0,0.009900990099009901,7.478786094674375e-05,,,0.011563469779813802
USP53,0.09358339645658546,0.0,0.0001243050288964213,0.0,0.009900990099009901,9.250691888731847e-05,,,0.011563469779813802
KLRB1,0.09354009431244174,0.0,0.0001243050288964213,0.0,0.009900990099009901,8.295147529199914e-05,,,0.011563469779813802
ITGAX,0.09298166890983293,0.0,0.0001243050288964213,0.0,0.009900990099009901,9.238079595676768e-05,,,0.011563469779813802
FCER1G,0.09255816484966664,0.0,0.0001243050288964213,0.0,0.009900990099009901,8.99462282864425e-05,,,0.011563469779813802
ANKRD29,0.09196121353499696,1.1102230246251565e-16,0.0001243050288964213,0.0,0.009900990099009901,7.591847413693506e-05,,,0.011563469779813802
HOXD8,0.09050805062095081,2.220446049250313e-16,0.0001243050288964213,0.0,0.009900990099009901,8.499048706920373e-05,,,0.011563469779813802
CD69,0.09048159214923959,2.220446049250313e-16,0.0001243050288964213,0.0,0.009900990099009901,8.165757066803259e-05,,,0.011563469779813802
PCOLCE,0.09045759180095521,2.220446049250313e-16,0.0001243050288964213,0.0,0.009900990099009901,8.49440090604838e-05,,,0.011563469779813802
GZMA,0.09041126370797645,2.220446049250313e-16,0.0001243050288964213,0.0,0.009900990099009901,6.639746158611785e-05,,,0.011563469779813802
CD4,0.08978259540605346,3.3306690738754696e-16,0.0001243050288964213,1.2212453270876722e-15,0.009900990099009901,0.0001246191036513381,,,0.011563469779813802
TOP2A,0.08905514955376616,5.551115123125783e-16,0.0001243050288964213,0.0,0.009900990099009901,5.8203376442829855e-05,,,0.011563469779813802
SLAMF7,0.08697517347437968,2.3314683517128287e-15,0.0001243050288964213,0.0,0.009900990099009901,9.037688811456913e-05,,,0.011563469779813802
SERPINB9,0.0853353127506187,7.549516567451064e-15,0.0001243050288964213,0.0,0.009900990099009901,9.614513228365545e-05,,,0.011563469779813802
FSTL3,0.08358814563523252,2.531308496145357e-14,0.0001243050288964213,0.0,0.009900990099009901,8.045851004541044e-05,,,0.011563469779813802
FBLIM1,0.08259714760650587,4.984901380566953e-14,0.0001243050288964213,0.0,0.009900990099009901,8.717302314001288e-05,,,0.011563469779813802
QARS,0.08252323884355957,5.2513549064769904e-14,0.0001243050288964213,0.0,0.009900990099009901,8.059054180535388e-05,,,0.011563469779813802
DUSP5,0.08249720921315781,5.340172748447003e-14,0.0001243050288964213,0.0,0.009900990099009901,6.516396999548869e-05,,,0.011563469779813802
RORC,0.08053548361935796,1.9895196601282805e-13,0.0001243050288964213,0.0,0.009900990099009901,7.958384870396259e-05,,,0.011563469779813802
TMEM147,0.08052684463561971,2.0017321133991572e-13,0.0001243050288964213,0.0,0.009900990099009901,8.756474844278713e-05,,,0.011563469779813802
SLC25A37,0.07959075773200898,3.709255125272648e-13,0.0001243050288964213,7.249756350802272e-14,0.009900990099009901,0.0001140850893543336,,,0.011563469779813802
CEACAM8,0.07934168635608228,4.3653969328261155e-13,0.0001243050288964213,0.0,0.009900990099009901,7.08599796344035e-05,,,0.011563469779813802
ZNF562,0.0789808170132425,5.523359547510154e-13,0.0001243050288964213,3.3306690738754696e-16,0.009900990099009901,9.225160372480704e-05,,,0.011563469779813802
SLAMF1,0.07882890160818147,6.096234628216735e-13,0.0001243050288964213,0.0,0.009900990099009901,8.169024949747689e-05,,,0.011563469779813802
APOC1,0.07862620665435208,6.95221658020273e-13,0.0001243050288964213,0.0,0.009900990099009901,6.007435332870118e-05,,,0.011563469779813802
MNDA,0.07774704708846175,1.2249090630689352e-12,0.0001243050288964213,0.0,0.009900990099009901,6.449343700091734e-05,,,0.011563469779813802
TPSAB1,0.0766328426837224,2.4890089989071384e-12,0.0001243050288964213,0.0,0.009900990099009901,7.259144484273041e-05,,,0.011563469779813802
C1QC,0.07656055878781354,2.6052493495853923e-12,0.0001243050288964213,0.0,0.009900990099009901,7.800661872434177e-05,,,0.011563469779813802
FCER1A,0.0763859193121666,2.9086733022154476e-12,0.0001243050288964213,1.1102230246251565e-16,0.009900990099009901,8.719037341832573e-05,,,0.011563469779813802
EDNRB,0.0757306915401754,4.387490371016156e-12,0.0001243050288964213,0.0,0.009900990099009901,7.91656689310087e-05,,,0.011563469779813802
CDC42EP1,0.0752669681851355,5.857092588712476e-12,0.0001243050288964213,0.0,0.009900990099009901,7.985157124609774e-05,,,0.011563469779813802
TNFRSF17,0.07389376214482465,1.3642309504291461e-11,0.0001243050288964213,1.2212453270876722e-14,0.009900990099009901,9.309068555370304e-05,,,0.011563469779813802
TCF7,0.07301329882175531,2.3277491045803345e-11,0.0001243050288964213,0.0,0.009900990099009901,7.79983204749424e-05,,,0.011563469779813802
MZB1,0.07271260943684832,2.789801722968832e-11,0.0001243050288964213,0.0,0.009900990099009901,4.853567035512152e-05,,,0.011563469779813802
TENT5C,0.07191129388522124,4.5043302421277076e-11,0.0001243050288964213,0.0,0.009900990099009901,6.646974307063534e-05,,,0.011563469779813802
GLIPR1,0.07123601572976608,6.718248179993225e-11,0.0001243050288964213,6.217248937900877e-15,0.009900990099009901,8.934196596349012e-05,,,0.011563469779813802
LPL,0.07058724892291458,9.830991576365022e-11,0.0001243050288964213,3.3306690738754696e-16,0.009900990099009901,7.461170111320888e-05,,,0.011563469779813802
CCPG1,0.07000855638915306,1.3767820217225335e-10,0.0001243050288964213,2.128297538206425e-13,0.009900990099009901,9.311744767857242e-05,,,0.011563469779813802
SMAP2,0.06972124724572994,1.6257706292321927e-10,0.0001243050288964213,1.199040866595169e-14,0.009900990099009901,8.237452869049337e-05,,,0.011563469779813802
CENPF,0.06843686462282486,3.3911473629189004e-10,0.0001243050288964213,6.661338147750939e-16,0.009900990099009901,7.166915579520869e-05,,,0.011563469779813802
LTB,0.06710263156439089,7.178976302313345e-10,0.0001243050288964213,1.8314239014216582e-12,0.009900990099009901,9.27025991235723e-05,,,0.011563469779813802
FAM49A,0.06668702461436751,9.042339099707419e-10,0.0001243050288964213,1.1102230246251565e-16,0.009900990099009901,6.603028675614925e-05,,,0.011563469779813802
IGSF6,0.06429837839404257,3.317837782290667e-09,0.0001243050288964213,3.071420895395249e-11,0.009900990099009901,9.469284742972648e-05,,,0.011563469779813802
OCIAD2,0.06419587751334066,3.504669443543662e-09,0.0001243050288964213,9.238498854813315e-12,0.009900990099009901,9.160575333712624e-05,,,0.011563469779813802
SRPK1,0.06404562064061356,3.797162362317863e-09,0.0001243050288964213,1.7397194795876203e-13,0.009900990099009901,7.829388017394548e-05,,,0.011563469779813802
IL3RA,0.06400401907320785,3.882254406839536e-09,0.0001243050288964213,1.123701132144106e-11,0.009900990099009901,9.214272820864535e-05,,,0.011563469779813802
AVPR1A,0.06384557627993305,4.2236405484175066e-09,0.0001243050288964213,0.0,0.009900990099009901,4.7526332323659414e-05,,,0.011563469779813802
CD274,0.06361277742034241,4.778728968091173e-09,0.0001243050288964213,1.1879386363489175e-14,0.009900990099009901,6.980409200452177e-05,,,0.011563469779813802
HOOK2,0.06354700840593523,4.947991461001777e-09,0.0001243050288964213,2.59015031645049e-13,0.009900990099009901,7.654951071887693e-05,,,0.011563469779813802
BANK1,0.06181562416036549,1.2220333966972419e-08,0.0001243050288964213,1.406872396358949e-10,0.009900990099009901,9.489560448407197e-05,,,0.011563469779813802
CX3CR1,0.06142962174151518,1.490162837569642e-08,0.0001243050288964213,5.32943023046073e-10,0.009900990099009901,9.745349529612396e-05,,,0.011563469779813802
KARS,0.060479664664189206,2.4159944045365478e-08,0.0001243050288964213,9.390266342279574e-13,0.009900990099009901,7.248197206349171e-05,,,0.011563469779813802
PDE4A,0.05977392822774756,3.443672036418377e-08,0.0001243050288964213,3.009501536865855e-10,0.009900990099009901,9.392423990694284e-05,,,0.011563469779813802
VOPP1,0.05976392588385787,3.460917241682182e-08,0.0001243050288964213,7.513323296848284e-12,0.009900990099009901,8.187161345792702e-05,,,0.011563469779813802
CD27,0.05923565555018814,4.50076730329485e-08,0.0001243050288964213,9.645462206719913e-11,0.009900990099009901,8.55680491610356e-05,,,0.011563469779813802
SEC24A,0.05852395504026607,6.390024609448375e-08,0.0001243050288964213,1.1727285809115529e-11,0.009900990099009901,7.697669204437323e-05,,,0.011563469779813802
PIM1,0.05837621935076784,6.868857305164511e-08,0.0001243050288964213,3.858302566328575e-11,0.009900990099009901,7.936035041108357e-05,,,0.011563469779813802
LARS,0.05824321770321931,7.329483742157805e-08,0.0001243050288964213,1.0854367404888876e-09,0.009900990099009901,8.969613396060738e-05,,,0.011563469779813802
KLRD1,0.05813315355332429,7.733133089438127e-08,0.0001243050288964213,6.394884621840902e-14,0.009900990099009901,6.384835031530701e-05,,,0.011563469779813802
SEC11C,0.057932150235125796,8.526449202239661e-08,0.0001243050288964213,2.120525977034049e-14,0.009900990099009901,6.36717814515203e-05,,,0.011563469779813802
MAP3K8,0.057825880312547456,8.977106769059162e-08,0.0001243050288964213,2.6845192735436285e-13,0.009900990099009901,6.606105519503935e-05,,,0.011563469779813802
RHOH,0.057818545975711656,9.009044754648698e-08,0.0001243050288964213,2.0265122913087907e-11,0.009900990099009901,7.63072727545404e-05,,,0.011563469779813802
LPXN,0.05754833047879476,1.0265401362286042e-07,0.0001243050288964213,1.622801892864345e-11,0.009900990099009901,7.55622302787339e-05,,,0.011563469779813802
PRF1,0.05537253024601027,2.8767397330931033e-07,0.0001243050288964213,1.0606737710361358e-11,0.009900990099009901,6.756475424800188e-05,,,0.011563469779813802
CD79A,0.05135828081009131,1.7482454330863817e-06,0.0001243050288964213,1.4153234140223958e-11,0.009900990099009901,6.011210947778269e-05,,,0.011563469779813802
CD19,0.05067496788396941,2.3474620483021624e-06,0.0001243050288964213,7.40930228282366e-09,0.009900990099009901,8.334444637836509e-05,,,0.011563469779813802
CXCL5,0.04926226108256766,4.268220813230528e-06,0.0001243050288964213,3.482441002233827e-09,0.009900990099009901,7.322463756854496e-05,,,0.011563469779813802
BTNL9,0.04918672722106706,4.4049490699471505e-06,0.0001243050288964213,4.2129905453158756e-07,0.009900990099009901,9.338397270130673e-05,,,0.011563469779813802
TYROBP,0.04863432603625722,5.5399694164348645e-06,0.0001243050288964213,1.1908169128549417e-07,0.009900990099009901,9.114163655892985e-05,,,0.011563469779813802
OXTR,0.048113003402352306,6.8633115563043745e-06,0.0001243050288964213,1.9053717492667488e-09,0.009900990099009901,7.007306892613133e-05,,,0.011563469779813802
HAVCR2,0.04755886291468002,8.598402941206729e-06,0.0001243050288964213,2.621155514859197e-10,0.009900990099009901,5.893800887899452e-05,,,0.011563469779813802
SPIB,0.04639215627661965,1.3713441464058285e-05,0.0001243050288964213,2.0220676777427116e-07,0.009900990099009901,8.271908817917931e-05,,,0.011563469779813802
ANGPT2,0.04517655915595546,2.2056224472044583e-05,0.0001243050288964213,1.1348949668921193e-08,0.009900990099009901,6.843916794864743e-05,,,0.011563469779813802
SLC4A1,0.04447548329658793,2.8861461954021728e-05,0.0001243050288964213,2.3048396524671944e-10,0.009900990099009901,5.36161355972214e-05,,,0.011563469779813802
SSTR2,0.04369076912743399,3.8823600471804554e-05,0.0001243050288964213,6.065260993448618e-08,0.009900990099009901,6.71901037107305e-05,,,0.011563469779813802
TIFA,0.04329570617065037,4.4993828260508906e-05,0.0001243050288964213,4.3586244657944917e-07,0.009900990099009901,7.747883260873285e-05,,,0.011563469779813802
PTRHD1,0.04274571888436277,5.513990690519943e-05,0.0001243050288964213,3.583897572045913e-06,0.009900990099009901,8.937102712444586e-05,,,0.011563469779813802
HMGA1,0.04266322843503386,5.683620560215097e-05,0.0001243050288964213,5.166271337397887e-07,0.009900990099009901,7.643515012651671e-05,,,0.011563469779813802
CD1C,0.04188377992530621,7.548297549153649e-05,0.0001243050288964213,1.350774270214572e-09,0.009900990099009901,5.356641093282499e-05,,,0.011563469779813802
CD86,0.041750755844762635,7.919131699085646e-05,0.0001243050288964213,9.744793185717526e-07,0.009900990099009901,7.330920447764692e-05,,,0.011563469779813802
NKG7,0.04138808035418917,9.019164250589906e-05,0.0001243050288964213,2.8791488193569137e-08,0.009900990099009901,5.745558949696303e-05,,,0.011563469779813802
MS4A1,0.039708861134799725,0.00016256912458045836,0.0001243050288964213,2.6606914941273985e-06,0.009900990099009901,7.773982478323121e-05,,,0.011563469779813802
CLECL1,0.03961953291046344,0.0001676441289333308,0.0001243050288964213,3.5225274663819306e-07,0.009900990099009901,6.505187981650039e-05,,,0.011563469779813802
CLDN5,0.03890086798396971,0.0002142081802717355,0.0001243050288964213,4.644830076117046e-09,0.009900990099009901,4.644316524970769e-05,,,0.011563469779813802
MKI67,0.038247540942849545,0.00026676474484133017,0.0001243050288964213,7.731252001597078e-06,0.009900990099009901,8.232200120123895e-05,,,0.011563469779813802
RAPGEF3,0.037262085697377094,0.00036915325170905344,0.0001243050288964213,3.8327961915385345e-06,0.009900990099009901,6.699918581832743e-05,,,0.011563469779813802
PDCD1LG2,0.03722420911187275,0.00037373642975713217,0.0001243050288964213,7.862942452585564e-06,0.009900990099009901,7.79627988829711e-05,,,0.011563469779813802
AKR1C3,0.036069780284694965,0.0005415451359638279,0.0001243050288964213,3.1433457235108264e-05,0.009900990099009901,8.267313759930711e-05,,,0.011563469779813802
DERL3,0.03593641610769745,0.0005648856993141216,0.0001243050288964213,4.6112266619546816e-06,0.009900990099009901,6.86385883412063e-05,,,0.011563469779813802
PRDM1,0.03548037981470049,0.0006519074183575224,0.0001243050288964213,1.5476452226437232e-06,0.009900990099009901,6.264657059221474e-05,,,0.011563469779813802
EGFL7,0.03536784905729288,0.0006752054226262239,0.0001243050288964213,1.9669359096585737e-05,0.009900990099009901,7.310362180045208e-05,,,0.011563469779813802
DAPK3,0.03513330930084931,0.0007262520637663084,0.0001243050288964213,9.574077893037547e-06,0.009900990099009901,7.376873904465882e-05,,,0.011563469779813802
CTLA4,0.03496447236007908,0.00076517525570996,0.0001243050288964213,4.5789970568588245e-06,0.009900990099009901,6.226282590404349e-05,,,0.011563469779813802
DUSP2,0.034634883036813155,0.0008467479669913569,0.0001243050288964213,1.4520551062657816e-05,0.009900990099009901,6.68951872534195e-05,,,0.011563469779813802
CTSG,0.03452261713944633,0.0008763112319133404,0.0001243050288964213,3.021203138442452e-06,0.009900990099009901,5.8288489573698355e-05,,,0.011563469779813802
CD8B,0.03421981194934545,0.0009608450400526714,0.0001243050288964213,2.727939295199544e-05,0.009900990099009901,6.883999153724364e-05,,,0.011563469779813802
CD79B,0.03357636308888301,0.0011658683226497546,0.0001243050288964213,2.047438848773453e-05,0.009900990099009901,6.641995964247402e-05,,,0.011563469779813802
ADGRE5,0.033497330949966174,0.0011936403804926332,0.0001243050288964213,6.614120038506144e-05,0.009900990099009901,7.644505615096538e-05,,,0.011563469779813802
TUBA4A,0.032597070798646835,0.001555620688059034,0.0001243050288964213,9.1021139158598e-05,0.009900990099009901,7.7091289656822e-05,,,0.011563469779813802
PCLAF,0.032135500877075375,0.0017777104171957658,0.0001243050288964213,0.0012490348578703125,0.0297029702970297,0.00010917431438276499,,,0.0332036775106082
ERN1,0.031919192381352615,0.0018914048168153785,0.0001243050288964213,1.902830463096361e-05,0.009900990099009901,6.520687132332474e-05,,,0.011563469779813802
CLEC9A,0.031189576659281005,0.002325318259831066,0.0001243050288964213,0.00012643390951516675,0.009900990099009901,7.319318577587782e-05,,,0.011563469779813802
ITGAM,0.03093022177219995,0.0025000746190344536,0.0001243050288964213,0.00015857961125187447,0.009900990099009901,7.392396948316979e-05,,,0.011563469779813802
PDCD1,0.029958226175234897,0.003265640637225564,0.0001243050288964213,4.461660801746703e-05,0.009900990099009901,6.446690463549031e-05,,,0.011563469779813802
TIGIT,0.029490280338382236,0.0037045724691846527,0.0001243050288964213,0.0009566594193318734,0.009900990099009901,9.012190506483514e-05,,,0.011563469779813802
RAB30,0.028748003946515235,0.004509991909951605,0.0001243050288964213,0.0002287269712949458,0.009900990099009901,7.017037256529589e-05,,,0.011563469779813802
KLRC1,0.02867035908512126,0.004602681707860157,0.0001243050288964213,0.0005067534997990064,0.009900990099009901,6.851880438745947e-05,,,0.011563469779813802
CLIC6,0.0282570541525341,0.005125266360063163,0.0001243050288964213,0.0002835546818302781,0.009900990099009901,7.41300413243595e-05,,,0.011563469779813802
LGALSL,0.028178090508132657,0.005230914729280389,0.0001243050288964213,6.280496782073985e-05,0.009900990099009901,5.72645060408377e-05,,,0.011563469779813802
EIF4EBP1,0.0270214034078905,0.007016201239933517,0.0001243050288964213,0.0018976265317927066,0.019801980198019802,8.40887521194527e-05,,,0.022538253825382538
ANKRD28,0.026731043316932903,0.007541296880697046,0.0001243050288964213,0.00043192107362988175,0.009900990099009901,6.977590571854463e-05,,,0.011563469779813802
CTH,0.026277228902969466,0.008431390264958316,0.0001243050288964213,0.001964163163374666,0.019801980198019802,7.578696487669214e-05,,,0.022538253825382538
DNTTIP1,0.026167266130410954,0.008660472501363259,0.0001243050288964213,0.000799616281423221,0.009900990099009901,7.020179991481325e-05,,,0.011563469779813802
CD80,0.026025547861010745,0.008963749118659714,0.0001243050288964213,0.00019115196418328928,0.009900990099009901,5.666624404014707e-05,,,0.011563469779813802
RTKN2,0.025193193120467382,0.010939663849991788,0.0001243050288964213,0.003611713611944123,0.019801980198019802,7.90430018065704e-05,,,0.022538253825382538
CSF3,0.024072671199903316,0.014191414983556583,0.0001243050288964213,0.0014300681090274603,0.019801980198019802,6.51806287984739e-05,,,0.022538253825382538
THAP2,0.0230802325975669,0.01773551714309307,0.0001243050288964213,0.001389045278215928,0.009900990099009901,6.40601838296864e-05,,,0.011563469779813802
NPM3,0.022152442739321022,0.021706008180932046,0.0001243050288964213,0.003269271960099518,0.009900990099009901,6.480258175163903e-05,,,0.011563469779813802
FOXP3,0.021443103210743525,0.02522658687749446,0.0001243050288964213,0.007345187466843317,0.0297029702970297,7.273183348176382e-05,,,0.0332036775106082
GNLY,0.02126823273012652,0.026164506592163517,0.0001243050288964213,0.000711140115064901,0.039603960396039604,5.137510905006373e-05,,,0.043648026774508436
MMP12,0.02126243579440182,0.026196091267653543,0.0001243050288964213,0.00018996865508824623,0.019801980198019802,3.5937732223806515e-05,,,0.022538253825382538
SNAI1,0.020763394316457198,0.02903712779574419,0.0001243050288964213,0.016006678345458214,0.039603960396039604,7.748768030872455e-05,,,0.043648026774508436
SCGB2A1,0.020123484464288,0.0330502206130594,0.0001243050288964213,0.005187961457699619,0.039603960396039604,6.262511983891711e-05,,,0.043648026774508436
SOX17,0.018646773695801273,0.04406997065483065,0.0001243050288964213,0.01639715954911969,0.0297029702970297,8.030758662843307e-05,,,0.0332036775106082
LAG3,0.018540378782163587,0.044966675698366765,0.0001243050288964213,0.019305448108906664,0.04950495049504951,6.191758170677616e-05,,,0.05398971952944424
PELI1,0.018511546207690608,0.04521219183538505,0.0001243050288964213,0.01265138721514869,0.019801980198019802,6.865830064114355e-05,,,0.022538253825382538
PGR,0.018507015626764937,0.045250868664007404,0.0001243050288964213,0.01783024604560246,0.0594059405940594,8.406085405422914e-05,,,0.06411744622738136
NDUFA4L2,0.01769235052079655,0.052649690366108226,0.0001243050288964213,0.0030161504350448842,0.0297029702970297,4.4663906143459044e-05,,,0.0332036775106082
CPA3,0.01735081419193697,0.05602404651853354,0.0001243050288964213,0.04243942485461971,0.10891089108910891,8.523512232700967e-05,,,0.11363036303630362
LILRA4,0.017105054711528282,0.058555975627319956,0.0001243050288964213,0.018258418300640678,0.04950495049504951,6.13030249665235e-05,,,0.05398971952944424
NCAM1,0.01647122772903509,0.06550101301621047,0.0001243050288964213,0.008242886054960152,0.019801980198019802,4.9943850010548025e-05,,,0.022538253825382538
GZMK,0.016106451027408316,0.06977825426720596,0.0001243050288964213,0.03203242933060091,0.0594059405940594,7.333891559337169e-05,,,0.06411744622738136
STC1,0.015840415272274325,0.07303095203252674,0.0001243050288964213,0.013982710222353423,0.0297029702970297,5.624172996029533e-05,,,0.0332036775106082
AQP3,0.015584565159736422,0.07626737316001686,0.0001243050288964213,0.03750452434513729,0.04950495049504951,6.764999382421908e-05,,,0.05398971952944424
APOBEC3B,0.01480252249914687,0.08683712856257064,0.0001243050288964213,0.053511163093735714,0.0594059405940594,7.122597567704925e-05,,,0.06411744622738136
C2orf42,0.013350527752244816,0.10930003138952138,0.0001243050288964213,0.039610859584495284,0.039603960396039604,5.759892263687248e-05,,,0.043648026774508436
LEP,0.013110402724446536,0.11338487262592101,0.0001243050288964213,0.06859954921848976,0.0891089108910891,7.034117748784027e-05,,,0.09359425875473452
HDC,0.013032089641005397,0.11474033492985114,0.0001243050288964213,0.045328594962344426,0.06930693069306931,6.91396770590594e-05,,,0.07454662992072404
APOBEC3A,0.012297630380003317,0.12801547267478353,0.0001243050288964213,0.04886373586329262,0.09900990099009901,5.930440870060134e-05,,,0.10364581608662539
TIMP4,0.012294291118831069,0.12807817014112477,0.0001243050288964213,0.07137541139514891,0.07920792079207921,7.224063266977963e-05,,,0.0840409464675281
REXO4,0.011539012506861481,0.14280987326033667,0.0001243050288964213,0.0897211969254188,0.07920792079207921,6.969988694505974e-05,,,0.0840409464675281
SOX18,0.010992803452690809,0.1541515193941475,0.0001243050288964213,0.07077800907002074,0.0891089108910891,5.7890423569308123e-05,,,0.09359425875473452
TCF15,0.010806541722189289,0.15815176101068773,0.0001243050288964213,0.1234253275852979,0.12871287128712872,7.644189314584383e-05,,,0.1338442814381106
OPRPN,0.01005085696682368,0.1750736048968422,0.0001243050288964213,0.23094024567619564,0.07920792079207921,0.0001320660266842028,,,0.0840409464675281
HPX,0.007626608475172816,0.23672804521586488,0.0001243050288964213,0.03776893492347033,0.07920792079207921,2.970341690082336e-05,,,0.0840409464675281
TCL1A,0.0054013142120268075,0.30248205404300166,0.0001243050288964213,0.3468551981035116,0.16831683168316833,0.00010586504339058178,,,0.17273169939944816
LY86,0.003991681208688258,0.34795709983148126,0.0001243050288964213,0.3541177037808124,0.36633663366336633,6.763684545308454e-05,,,0.3686924962592722
CYP1A1,0.002742188090537122,0.3902100056358644,0.0001243050288964213,0.3534371028613832,0.24752475247524752,7.042520192668615e-05,,,0.25236236978746734
MPO,-0.0012764856980136893,0.4674534654244874,0.0001243050288964213,0.4599721904085102,0.25742574257425743,5.623208987943119e-06,,,0.2616047319017616
AHSP,-0.0028576009304323957,0.4115783302004621,0.0001243050288964213,0.3676507593612475,0.42574257425742573,5.2303405205699734e-05,,,0.42710713379030213
PLD4,-0.00298361372316406,0.40718618168605236,0.0001243050288964213,0.3438182280558388,0.36633663366336633,6.04279811750074e-05,,,0.3686924962592722
UCP1,-0.003474893098746718,0.39017873869585473,0.0001243050288964213,0.34512460456852523,0.4752475247524752,0.00010237795401344726,,,0.4752475247524752
ESM1,-0.005857198050276405,0.3111731153095471,0.0001243050288964213,0.20961639185702413,0.22772277227722773,6.224041302162123e-05,,,0.23293211674108588
MUC6,-0.007406414407123107,0.2638631007632978,0.0001243050288964213,0.17297292423322835,0.16831683168316833,4.932998812763011e-05,,,0.17273169939944816
MYBPC1,-0.007422655303402972,0.26338723500692107,0.0001243050288964213,0.15102768922057386,0.26732673267326734,4.450047343992922e-05,,,0.2707872729020475
KLRF1,-0.007480472775604688,0.26169672010332184,0.0001243050288964213,0.1697488728663603,0.1485148514851485,7.92442410365397e-05,,,0.1534163317321831
CCL20,-0.008295086361644005,0.2384838972445837,0.0001243050288964213,0.16819087116871861,0.0891089108910891,6.236500341154492e-05,,,0.09359425875473452
DNAAF1,-0.00841935252399506,0.23504468499580267,0.0001243050288964213,0.17154266996848883,0.1485148514851485,7.548923677665901e-05,,,0.1534163317321831
CRHBP,,,0.0001243050288964213,,0.009900990099009901,,,,0.011563469779813802
